epoch,time,train/box_loss,train/cls_loss,train/dfl_loss,metrics/precision(B),metrics/recall(B),metrics/mAP50(B),metrics/mAP50-95(B),val/box_loss,val/cls_loss,val/dfl_loss,lr/pg0,lr/pg1,lr/pg2
1,37.6708,2.28321,4.90139,1.74627,0,0,0,0,1.51204,4.78435,1.32464,8.33e-05,8.33e-05,8.33e-05
2,68.0081,2.03333,4.57351,1.60096,0.00143,0.17308,0.00614,0.00416,1.62959,4.76054,1.31958,0.000173198,0.000173198,0.000173198
3,98.4357,2.05274,4.1288,1.57658,0.00347,0.3112,0.09163,0.06189,1.82333,4.56843,1.30563,0.000261282,0.000261282,0.000261282
4,128.517,1.83054,3.61463,1.41359,0.00499,0.50733,0.09627,0.04788,1.98383,4.24054,1.23967,0.000347552,0.000347552,0.000347552
5,158.307,2.0084,3.32124,1.44281,0.00639,0.48474,0.14269,0.0579,1.91024,3.97545,1.19824,0.000432007,0.000432007,0.000432007
6,188.684,1.91107,3.16867,1.32929,0.00764,0.78709,0.14413,0.07569,1.79739,3.52949,1.21831,0.000514648,0.000514648,0.000514648
7,218.446,1.84505,3.75088,1.31167,0.90568,0.01923,0.27455,0.16644,1.94471,3.44339,1.34674,0.000595475,0.000595475,0.000595475
8,248.35,1.91364,3.00455,1.38185,0.93028,0.19002,0.30868,0.17709,2.01688,3.27316,1.35392,0.000674488,0.000674488,0.000674488
9,279.698,1.92171,2.98673,1.35139,0.45133,0.26282,0.23014,0.12349,1.93799,2.93532,1.31706,0.000751686,0.000751686,0.000751686
10,315.354,1.85358,2.90963,1.36051,0.42577,0.14423,0.20721,0.12343,1.92913,3.04513,1.3393,0.00075878,0.00075878,0.00075878
11,345.327,1.86416,3.17844,1.41027,0.18079,0.12637,0.20535,0.11764,1.9641,3.13153,1.36938,0.000750533,0.000750533,0.000750533
12,375.223,1.90603,2.8453,1.45191,0.37141,0.16484,0.18224,0.09264,2.0568,3.02704,1.4875,0.000742286,0.000742286,0.000742286
13,405.12,1.78619,2.66021,1.38402,0.59817,0.14101,0.20973,0.10795,1.98057,3.00197,1.45571,0.00073404,0.00073404,0.00073404
14,434.743,1.75116,2.91884,1.40136,0.51999,0.29691,0.28961,0.14586,2.03589,2.88505,1.49738,0.000725793,0.000725793,0.000725793
15,465.154,1.82589,2.66834,1.34757,0.56087,0.24926,0.30162,0.16607,1.92545,2.88718,1.4064,0.000717546,0.000717546,0.000717546
16,495.224,1.69739,2.71274,1.34429,0.47679,0.25306,0.28459,0.16485,2.01728,2.92355,1.43785,0.000709299,0.000709299,0.000709299
17,525.871,1.78733,2.54823,1.35419,0.15225,0.37961,0.22834,0.13007,2.07553,2.74119,1.47729,0.000701053,0.000701053,0.000701053
18,555.456,1.72373,2.59636,1.33232,0.5698,0.23397,0.33203,0.22604,2.03119,2.74936,1.47423,0.000692806,0.000692806,0.000692806
19,585.703,1.80524,2.5862,1.43812,0.6598,0.20007,0.32418,0.22561,2.03427,2.69008,1.47748,0.000684559,0.000684559,0.000684559
20,615.712,1.72309,2.47749,1.33184,0.24069,0.28297,0.32865,0.2194,1.82586,2.57481,1.37127,0.000676313,0.000676313,0.000676313
21,645.784,1.73291,2.42785,1.31576,0.28089,0.27423,0.31923,0.21132,1.87156,2.53414,1.38982,0.000668066,0.000668066,0.000668066
22,675.588,1.83706,2.5536,1.37125,0.23057,0.31502,0.30732,0.2026,1.93147,2.49793,1.41636,0.000659819,0.000659819,0.000659819
23,705.955,1.83579,2.41951,1.41846,0.37826,0.31227,0.30377,0.20612,1.87467,2.55811,1.33391,0.000651573,0.000651573,0.000651573
24,736.083,1.74172,2.23196,1.31179,0.55303,0.32795,0.31151,0.22317,1.79049,2.59163,1.2872,0.000643326,0.000643326,0.000643326
25,766.32,1.81009,2.20057,1.33151,0.56475,0.27701,0.3074,0.21865,1.75163,2.80242,1.2595,0.000635079,0.000635079,0.000635079
26,796.418,1.72684,2.32336,1.31386,0.59964,0.25458,0.35591,0.23724,1.79927,2.62776,1.27126,0.000626832,0.000626832,0.000626832
27,826.628,1.7088,2.23367,1.29163,0.17053,0.48352,0.36809,0.23328,1.85399,2.55286,1.28737,0.000618586,0.000618586,0.000618586
28,855.774,1.6325,2.41321,1.30836,0.25684,0.51053,0.39435,0.23386,1.9274,2.47612,1.35782,0.000610339,0.000610339,0.000610339
29,885.143,1.6752,2.16168,1.29183,0.2253,0.46809,0.38453,0.24369,1.89882,2.4659,1.34243,0.000602092,0.000602092,0.000602092
30,914.454,1.71706,2.47341,1.32088,0.26376,0.50346,0.3923,0.24285,1.92604,2.43116,1.33175,0.000593846,0.000593846,0.000593846
31,943.753,1.71837,2.33247,1.32636,0.27566,0.45547,0.36006,0.19452,2.01509,2.36774,1.33034,0.000585599,0.000585599,0.000585599
32,972.687,1.61335,2.01732,1.29311,0.27583,0.42727,0.36124,0.19379,2.0261,2.3277,1.33502,0.000577352,0.000577352,0.000577352
33,1002.25,1.68655,2.17444,1.32774,0.19923,0.38828,0.37027,0.22404,1.84876,2.3486,1.23059,0.000569106,0.000569106,0.000569106
34,1031.12,1.66234,2.17415,1.33561,0.19979,0.39011,0.37828,0.23212,1.84128,2.40439,1.24975,0.000560859,0.000560859,0.000560859
35,1060.06,1.63168,2.0036,1.25677,0.53659,0.27034,0.41112,0.27897,1.89253,2.33933,1.29194,0.000552612,0.000552612,0.000552612
36,1088.88,1.62922,2.21294,1.33625,0.4157,0.34524,0.53307,0.33669,1.95536,2.50985,1.31068,0.000544365,0.000544365,0.000544365
37,1118.4,1.56491,2.23219,1.23254,0.40378,0.51511,0.53534,0.34791,1.99941,2.45553,1.32691,0.000536119,0.000536119,0.000536119
38,1147.54,1.68743,2.1085,1.31218,0.38575,0.48701,0.53186,0.34499,2.00065,2.47713,1.32073,0.000527872,0.000527872,0.000527872
39,1177.34,1.5616,1.92407,1.19135,0.40022,0.49908,0.51376,0.30769,1.93179,2.30298,1.29989,0.000519625,0.000519625,0.000519625
40,1206.52,1.6557,1.82256,1.23596,0.36974,0.50981,0.53546,0.31918,1.92499,2.34248,1.3117,0.000511379,0.000511379,0.000511379
41,1235.66,1.6144,1.99926,1.22148,0.54889,0.27662,0.42003,0.23289,1.94219,2.28389,1.34249,0.000503132,0.000503132,0.000503132
42,1264.73,1.71656,2.08261,1.33383,0.23909,0.59622,0.44789,0.24889,1.99386,2.2856,1.35529,0.000494885,0.000494885,0.000494885
43,1294.03,1.62692,1.95249,1.22488,0.32177,0.54794,0.46492,0.26847,1.99917,2.3612,1.3467,0.000486639,0.000486639,0.000486639
44,1323.23,1.64328,1.89781,1.25663,0.34728,0.60563,0.60084,0.35544,1.80935,2.21609,1.25527,0.000478392,0.000478392,0.000478392
45,1352.76,1.62552,1.88797,1.25089,0.79836,0.35116,0.59893,0.38515,1.8153,2.07846,1.2412,0.000470145,0.000470145,0.000470145
46,1381.92,1.66745,1.86836,1.25398,0.9322,0.39744,0.60912,0.38351,1.85394,2.06423,1.25213,0.000461898,0.000461898,0.000461898
47,1410.86,1.65834,1.82144,1.2574,0.82385,0.4733,0.57805,0.36345,1.78724,2.08438,1.22378,0.000453652,0.000453652,0.000453652
48,1440.15,1.6055,1.82745,1.2354,0.52966,0.4707,0.57507,0.3647,1.75777,2.02079,1.21288,0.000445405,0.000445405,0.000445405
49,1469.19,1.56848,1.83118,1.19195,0.59651,0.47379,0.58743,0.38777,1.60422,2.00606,1.14144,0.000437158,0.000437158,0.000437158
50,1498.27,1.62464,1.90295,1.25641,0.60855,0.48945,0.60073,0.39418,1.62252,2.0048,1.14148,0.000428912,0.000428912,0.000428912
51,1527.25,1.62647,1.85703,1.23203,0.61488,0.47724,0.59019,0.38232,1.75865,2.00775,1.17856,0.000420665,0.000420665,0.000420665
52,1556.47,1.54634,1.87166,1.17536,0.91556,0.42423,0.59538,0.366,1.98957,2.07128,1.28876,0.000412418,0.000412418,0.000412418
53,1585.52,1.54812,1.83257,1.22679,0.85683,0.40893,0.60742,0.35297,1.96363,2.06144,1.28136,0.000404172,0.000404172,0.000404172
54,1614.56,1.51295,1.88427,1.18999,0.96052,0.34835,0.60061,0.3625,1.89644,2.11046,1.25129,0.000395925,0.000395925,0.000395925
55,1643.47,1.57309,1.81098,1.20022,0.84287,0.39093,0.57346,0.35217,1.79736,2.11671,1.22601,0.000387678,0.000387678,0.000387678
56,1672.59,1.58487,1.97126,1.20586,0.64618,0.42469,0.57233,0.3473,1.76629,2.10351,1.21501,0.000379431,0.000379431,0.000379431
57,1701.82,1.54788,1.6605,1.20333,0.73177,0.27669,0.40565,0.25241,1.75624,2.13541,1.2165,0.000371185,0.000371185,0.000371185
58,1731.16,1.54444,1.67046,1.19238,0.71549,0.28719,0.41838,0.27449,1.78536,2.19379,1.23332,0.000362938,0.000362938,0.000362938
59,1760.24,1.54879,1.68848,1.17893,0.50377,0.49954,0.52991,0.35651,1.79128,2.28655,1.22147,0.000354691,0.000354691,0.000354691
60,1789.2,1.45209,1.53425,1.17865,0.81341,0.45321,0.55531,0.35163,1.79219,2.27951,1.21355,0.000346445,0.000346445,0.000346445
61,1818.45,1.58306,1.73805,1.27711,0.86452,0.4271,0.53192,0.35199,1.76081,2.15961,1.20134,0.000338198,0.000338198,0.000338198
62,1847.69,1.51775,1.72713,1.23251,0.83397,0.42317,0.53813,0.3532,1.7488,2.1451,1.19442,0.000329951,0.000329951,0.000329951
63,1876.48,1.51602,1.69896,1.24376,0.64566,0.462,0.54839,0.35706,1.85954,2.23029,1.23834,0.000321705,0.000321705,0.000321705
64,1905.7,1.47986,1.814,1.25595,0.65016,0.4322,0.53121,0.35181,1.86613,2.17425,1.23152,0.000313458,0.000313458,0.000313458
65,1934.87,1.51393,1.58331,1.21691,0.67283,0.43555,0.52918,0.35273,1.81555,2.08837,1.20566,0.000305211,0.000305211,0.000305211
66,1964.42,1.56834,1.86978,1.26847,0.63415,0.47929,0.51552,0.32427,1.76188,2.16491,1.1929,0.000296964,0.000296964,0.000296964
67,1993.59,1.53964,1.53497,1.19353,0.56864,0.50622,0.50461,0.32612,1.74852,2.2135,1.19455,0.000288718,0.000288718,0.000288718
68,2022.84,1.51055,1.63113,1.20707,0.70433,0.52015,0.55518,0.36936,1.79746,2.0701,1.23101,0.000280471,0.000280471,0.000280471
69,2051.9,1.57278,1.67203,1.18684,0.75598,0.50635,0.56745,0.37636,1.8521,2.03262,1.25933,0.000272224,0.000272224,0.000272224
70,2081.24,1.49734,1.48027,1.191,0.7526,0.49575,0.58683,0.39108,1.85438,2.03022,1.25142,0.000263978,0.000263978,0.000263978
